Haralick1,Haralick2,Haralick3,Haralick4,Haralick5,Haralick6,Haralick7,Haralick8,Haralick9,Haralick10,Haralick11,Haralick12,Haralick13,Class
0.000567178,18.67380454,0.995101294,1905.979293,0.289884735,206.0368656,7605.243369,8.373300701,11.41012059,0.000525173,3.183920787,-0.453399241,0.999337488,0
0.001595607,6.652896882,0.997194699,1186.020782,0.447714578,365.4417561,4737.430233,7.964212712,10.12474354,0.000885554,2.502126603,-0.546635753,0.99973723,0
0.000520723,13.92675346,0.997112772,2411.8666,0.314325751,245.0355875,9633.539645,8.553198992,11.38792629,0.000606226,3.031387611,-0.493073071,0.999691089,0
0.000705409,18.24841566,0.992907597,1286.702445,0.294864927,252.2017665,5128.561365,8.04202552,11.07157456,0.000517055,3.200768962,-0.429347984,0.998723709,0
0.000953666,16.63219881,0.995913032,2034.848267,0.357054907,303.5501047,8122.760869,8.311562503,11.0108711,0.000645977,3.060062148,-0.494697941,0.999614818,0
0.000531765,24.4128294,0.994814988,2354.522763,0.26030772,291.5117684,9393.678224,8.344561272,11.59213792,0.000457613,3.383235828,-0.423641811,0.998959672,0
0.001677605,6.682131049,0.996195051,878.3112418,0.419119164,238.2069019,3506.562836,7.726455729,10.02030614,0.00081777,2.538125239,-0.511878058,0.999453771,0
0.000921522,8.541733513,0.998357155,2599.774713,0.446300787,258.0948679,10390.55712,8.430237483,10.76136705,0.000868386,2.590985903,-0.552641365,0.999852803,0
0.004512034,2.789042523,0.999498748,2782.532183,0.535605038,322.3908023,11127.33969,7.089196775,8.799896848,0.001324729,2.01945033,-0.556674425,0.999391533,0
0.001080505,6.218434279,0.998594999,2213.073524,0.450773552,281.6050454,8846.075662,8.316275293,10.49028166,0.000959018,2.427665361,-0.567020987,0.99986573,0
0.001583465,23.03162934,0.997903006,5491.701768,0.383934062,290.8583635,21943.77544,8.373745675,11.01566371,0.000594661,3.208131921,-0.508049322,0.99969993,0
0.002556304,21.17108857,0.993936521,1746.123559,0.44048345,238.8226203,6963.323149,7.722847631,10.27233861,0.000745497,2.911746221,-0.476306841,0.99907241,0
0.000567193,29.30637148,0.990155691,1488.613097,0.25639888,255.1930864,5925.146017,8.133397646,11.45732152,0.000475437,3.478611576,-0.395321399,0.998038094,0
0.00091829,5.698555964,0.999505417,5761.427516,0.484098236,265.2053571,23040.01151,8.873835176,10.86039154,0.000931886,2.378818026,-0.622810473,0.999970389,0
0.00022165,189.484497,0.900239671,949.7410945,0.104640111,119.5222302,3609.479881,7.801106114,12.53158568,0.000182895,4.829132249,-0.170450406,0.949030822,0
0.001775653,7.089157054,0.997779264,1596.436578,0.429588687,294.530576,6378.657153,7.901571902,10.15947655,0.001015144,2.535670237,-0.529218843,0.999640019,0
0.0027218,1.767785867,0.999748215,3510.649305,0.626541587,295.7698293,14040.82944,8.369081902,9.681747819,0.001361359,1.748790145,-0.688279143,0.99997911,0
0.005516267,4.195570533,0.998662286,1568.107887,0.603452587,241.9202889,6268.235976,7.414490902,8.872349868,0.001533552,1.977706518,-0.618761264,0.999808679,0
0.000917971,12.6181493,0.997016025,2114.896544,0.343851747,227.2894517,8446.968026,8.16344498,10.88305364,0.000625473,2.931570783,-0.483663112,0.999482876,0
0.001165402,6.018753889,0.999081516,3276.813517,0.473034876,282.6564134,13101.23532,8.402751839,10.50913178,0.000920457,2.411256493,-0.581410119,0.99990182,0
0.001600558,10.30208679,0.995604269,1172.211451,0.436369771,322.4447592,4678.543719,7.855346814,10.1975141,0.000833513,2.62109059,-0.514191519,0.999526401,0
0.000568664,49.59313022,0.97970663,1221.921817,0.191350403,275.6375242,4838.094138,7.818438241,11.59742665,0.00035862,3.87189127,-0.306697932,0.99199435,0
0.000796387,18.84687483,0.995322148,2014.525778,0.315391964,164.620111,8039.256235,8.325451554,11.25664896,0.000506452,3.224861347,-0.466265583,0.999430368,0
0.000357088,38.97820839,0.995481931,4314.131861,0.258664625,290.7567888,17217.54923,8.735791774,12.06360127,0.000430747,3.571574999,-0.442301847,0.999422925,0
0.000569224,45.82552213,0.971326702,799.207633,0.185892823,219.3063029,3151.00501,7.630403316,11.35378268,0.000369062,3.830654429,-0.294596198,0.989510533,0
0.001402948,6.078704397,0.997770753,1363.556397,0.417001398,271.0914123,5448.146882,7.862176938,10.12690434,0.00097022,2.465723014,-0.525795418,0.999609412,0
0.010744989,1.489754143,0.99723437,269.373558,0.712083004,294.6089117,1076.004478,6.627072001,7.662527947,0.002070645,1.585570031,-0.651807425,0.999669593,0
0.000793575,18.08512346,0.99591512,2214.095645,0.300291592,274.715832,8838.297456,8.192992548,11.16367995,0.000552749,3.163971916,-0.449452918,0.999171707,0
0.000583753,99.98010212,0.962232608,1323.970741,0.231665834,244.5410557,5195.90286,7.81401785,11.72385797,0.000305924,4.276548487,-0.294571371,0.990695298,0
0.000528623,22.63272819,0.997012468,3788.058118,0.327916372,230.9628719,15129.59974,8.695497379,11.68716966,0.000539826,3.240218203,-0.482201177,0.999681816,0
0.000917614,14.68763119,0.988398856,633.0373914,0.309699075,117.7316084,2517.461935,7.585936854,10.49644847,0.000814349,3.051812899,-0.408942661,0.997628072,0
0.000877582,13.58152978,0.998283827,3957.011179,0.434765237,286.2757046,15814.46318,8.678221247,11.06426491,0.000763959,2.802075928,-0.55988716,0.99989729,0
0.001695237,4.401983882,0.998677759,1664.860948,0.563836076,260.6389014,6655.041809,8.196455574,9.988439124,0.001133393,2.143229466,-0.612954996,0.99991395,0
0.001587982,5.269548562,0.99852677,1788.712554,0.500907352,286.3387188,7149.580666,8.196433833,10.19225831,0.000991855,2.331558433,-0.58431012,0.999879287,0
0.002450706,6.65501803,0.998400418,2080.402234,0.519382861,260.6493195,8314.953917,7.879216116,9.778551815,0.001052993,2.350264888,-0.580433146,0.999819759,0
0.001333233,6.912061848,0.998323089,2060.990154,0.492166541,287.9395627,8237.048556,8.252031302,10.31677203,0.001015555,2.361101672,-0.577979654,0.999873513,0
0.001041959,10.98103919,0.998008159,2756.460338,0.444932091,224.8022425,11014.86031,8.328211488,10.63541982,0.000842206,2.594284856,-0.550301556,0.999831588,0
0.000921543,14.19762946,0.997048378,2405.606992,0.427758307,269.0211015,9608.230337,8.420887633,10.88230928,0.000823089,2.720650268,-0.534281789,0.999799748,0
0.000956684,59.84633722,0.982076754,1669.716733,0.284994033,278.6032878,6619.020593,8.098706504,11.41516718,0.00046798,3.814357311,-0.394009514,0.998064357,0
0.00189812,3.781392331,0.999412278,3217.111129,0.591966477,206.3401256,12864.66312,8.361353324,9.997678509,0.001170297,2.071361775,-0.644366658,0.999959893,0
0.003306857,4.675759228,0.998758601,1883.480346,0.558505753,309.5817776,7529.245623,7.884234357,9.605719344,0.001130482,2.21533521,-0.606259824,0.999874736,0
0.001363018,11.75786575,0.996457633,1659.839466,0.445263864,303.373843,6627.599997,8.091602111,10.40298864,0.000894499,2.583606549,-0.533714161,0.999712704,0
0.001245636,3.592056211,0.999365251,2829.53134,0.542819981,170.675832,11314.53331,8.565678016,10.29172771,0.001110544,2.072000037,-0.642050391,0.999967991,0
0.001207276,18.69434128,0.994739875,1777.597313,0.386939327,230.8650847,7091.694909,7.96810249,10.67117829,0.000658014,2.97887951,-0.471225172,0.999234512,0
0.000512807,78.99809947,0.95687077,916.7936093,0.185895907,221.0116496,3588.176338,7.76124897,11.58392888,0.000307312,4.076100817,-0.296331782,0.9903285,0
0.002326029,2.451552569,0.999319152,1800.681926,0.594144846,285.1923837,7200.276153,7.982831074,9.511557388,0.001335195,1.91245583,-0.638735867,0.999927347,0
0.004856116,2.259790741,0.999702581,3799.547931,0.64649834,333.6016666,15195.93193,8.03566979,9.300460939,0.001410712,1.869988798,-0.687552248,0.999968672,0
0.001096194,25.65464156,0.993927372,2112.738248,0.388566989,254.5105057,8425.298352,8.089934799,10.76375475,0.00082607,3.044925429,-0.484992991,0.999438225,0
0.002120991,6.80970985,0.99752029,1373.175058,0.549915004,217.0697648,5485.890524,7.895938316,9.793011263,0.001378925,2.252166199,-0.581414852,0.999818213,0
0.000722482,23.5370712,0.995774137,2785.895217,0.32871973,255.6810872,11120.0438,8.439176745,11.40151527,0.000548665,3.226956306,-0.470256261,0.999492707,0
0.002643149,2.884230424,0.99877707,1179.715902,0.600752021,285.5615954,4715.979379,7.91101922,9.432017234,0.001528768,1.931205469,-0.636505616,0.999916996,0
0.001324844,13.79979053,0.995503539,1534.536119,0.42306555,253.0652644,6124.344684,7.944319222,10.40655086,0.000775169,2.727827307,-0.502836566,0.999497308,0
0.000443409,33.96731458,0.994664631,3183.113019,0.321513014,267.3299153,12698.48476,8.6650677,11.74957056,0.000542611,3.296333423,-0.468439625,0.999586489,0
0.002217035,2.35992099,0.999414919,2016.775919,0.631188953,265.4161191,8064.743756,8.251257849,9.618474617,0.001333587,1.827339156,-0.675879203,0.999970653,0
0.000554683,17.48361046,0.996526823,2517.088297,0.323368103,242.7035257,10050.86958,8.506660264,11.39624289,0.000643148,3.135540646,-0.483432133,0.999625602,0
0.001205789,11.85677485,0.993881299,969.1399801,0.374702119,131.3983202,3864.703146,7.719891543,10.32977854,0.001145986,2.913368414,-0.466004613,0.998988782,0
0.00090245,4.87975141,0.999121164,2776.218432,0.44897842,198.7705963,11099.99398,8.492767244,10.59946469,0.001065101,2.33959534,-0.586490575,0.999918534,0
0.000927251,12.14267842,0.997672697,2610.195415,0.38604487,339.3562431,10428.63898,8.280083622,10.86728306,0.000701744,2.827861288,-0.508488887,0.999667918,0
0.000775649,27.89339642,0.993974231,2314.785889,0.308622041,336.0860243,9231.250161,8.230207855,11.34797258,0.000511133,3.330825727,-0.432326241,0.99895803,0
0.000929321,40.66002248,0.990862524,2226.118875,0.307200568,282.0067664,8863.815476,7.924234191,11.02175209,0.000518437,3.357348885,-0.413406807,0.998259953,0
0.00101869,11.92007242,0.997173052,2108.272704,0.438837624,242.131592,8421.170744,8.286231762,10.63044788,0.001016852,2.604791778,-0.542482145,0.999797798,0
0.000771166,23.79663227,0.993637855,1870.632397,0.334476314,286.8478587,7458.732958,8.123084382,11.12770562,0.000565008,3.215340017,-0.440026509,0.998948332,0
0.000290353,207.6724018,0.958886526,2528.843725,0.168570646,295.1748782,9907.702499,8.461101421,12.26326074,0.000263096,4.373475912,-0.363045852,0.997695743,0
0.001083012,5.790478009,0.998764153,2343.005991,0.469720436,226.5286519,9366.233485,8.319733017,10.43739677,0.001025736,2.38754484,-0.574754288,0.999879872,0
0.00132832,27.44127599,0.987354668,1085.173813,0.399017192,222.4600283,4313.253975,7.976686891,10.79340852,0.000738714,3.088406474,-0.45410685,0.999020092,0
0.001411303,13.20576292,0.994688688,1243.369795,0.462283719,207.7910808,4960.273416,8.028446602,10.2492301,0.000885822,2.571798742,-0.542297483,0.999736458,0
0.001194254,12.867895,0.997521197,2596.429717,0.432391744,299.2828903,10372.85097,8.25669919,10.60840242,0.000853622,2.638624117,-0.539156358,0.999781137,0
0.00057146,58.35293155,0.988746358,2592.852317,0.330573762,293.3907656,10313.05634,8.411466953,11.62433059,0.000526944,3.454954459,-0.43498697,0.999120803,0
0.001825115,15.26418098,0.997506135,3061.985855,0.486395743,300.0334959,12232.67924,8.286493207,10.43429473,0.000966388,2.674553874,-0.569481666,0.999853479,0
0.000524037,66.18229546,0.992827671,4616.707499,0.243413477,318.5987854,18400.6477,8.448625791,11.93031829,0.000398204,3.813360823,-0.401217451,0.998647126,0
0.002029389,2.419508685,0.99881533,1021.280954,0.587122175,196.801757,4082.704305,8.005303335,9.542655349,0.001365858,1.895608727,-0.638469177,0.99992889,0
0.000418673,77.02936652,0.984755898,2526.371647,0.248254871,232.3542284,10028.45722,8.444106155,12.12364428,0.000317257,4.058633825,-0.375781332,0.998000745,0
0.001856849,6.062963767,0.998409925,1907.643974,0.571618022,226.568241,7624.512933,8.199624541,9.9610149,0.001418981,2.199186455,-0.620325743,0.999926792,0
0.001113278,10.55972912,0.997657759,2255.145026,0.41896198,333.9763387,9010.020376,8.270858276,10.72096143,0.00078425,2.697922874,-0.526354926,0.999739098,0
0.002008846,8.324923426,0.991669036,499.9093909,0.410531857,235.5473888,1991.31264,7.366310261,9.744675482,0.000953707,2.598146291,-0.470820902,0.998632241,0
0.000419303,148.0138162,0.977753121,3327.210047,0.24118838,276.4687552,13160.82637,8.402144737,12.3622168,0.000289979,4.325108424,-0.338664226,0.996478137,0
0.001120041,9.622625596,0.996601112,1417.436287,0.412897559,246.5854088,5660.122521,8.047084319,10.45276551,0.001017668,2.6974214,-0.518334067,0.999620788,0
0.000745863,10.99478937,0.998610806,3957.613759,0.383235983,292.6434457,15819.46025,8.643948321,11.18913669,0.00069741,2.82400512,-0.537082536,0.99985242,0
0.004027277,5.217548959,0.998670285,1962.322182,0.616854352,298.2287592,7844.071177,7.957538414,9.429526564,0.001308656,2.136360237,-0.649879923,0.999938253,0
0.001589688,4.095157529,0.999271452,2810.941352,0.575823703,264.2660397,11239.67025,8.380911065,10.03176255,0.001324918,2.064042601,-0.642814868,0.999958584,0
0.00089415,31.28711611,0.990924188,1724.18508,0.370506266,249.3870286,6865.453204,8.225185302,10.947362,0.000692831,3.048434368,-0.486828877,0.999516673,0
0.002969852,15.2628014,0.990720461,822.7514009,0.483160837,256.9892099,3275.742802,7.431365631,9.641525159,0.001165559,2.625676468,-0.503731427,0.999165379,0
0.001882066,12.96588218,0.994081856,1096.427569,0.424230091,214.9356543,4372.744395,7.82964942,10.1393395,0.001005102,2.730783561,-0.517757502,0.999529265,0
0.002253755,5.531776278,0.998972647,2692.94982,0.581829558,330.2410086,10766.2675,8.293340979,9.958246392,0.001170754,2.227115742,-0.638282414,0.999951404,0
0.001219218,7.059767154,0.998019852,1782.900788,0.423931946,260.9478785,7124.543384,8.110618951,10.41111348,0.000825348,2.538360312,-0.536649444,0.999737321,0
0.00197991,4.296982583,0.998735711,1699.42059,0.482323698,268.0253332,6793.385378,7.790908305,9.784815414,0.001253052,2.277009465,-0.560413062,0.999739839,0
0.003506912,2.529646268,0.998336725,760.5989682,0.636617497,309.3691323,3039.866227,7.611100221,8.975714679,0.001562177,1.815079114,-0.644587245,0.999893758,0
0.001451182,7.26803382,0.99773034,1601.429376,0.512505806,247.1468252,6398.44947,8.166379871,10.18288,0.001156004,2.312418637,-0.579488413,0.999860952,0
0.001037498,9.438038393,0.998004224,2364.623764,0.426344451,315.3202176,9449.057016,8.39701847,10.71493357,0.000794708,2.656844815,-0.552533048,0.999848619,0
0.000643716,67.59574911,0.975108728,1357.991035,0.210565936,275.015583,5364.368391,7.932207375,11.65586438,0.000333009,4.023688845,-0.322242899,0.99411911,0
0.001676899,4.998980808,0.9971578,879.3993428,0.450481752,275.7953431,3512.598391,7.676343695,9.782935067,0.001128658,2.347649263,-0.535707075,0.999573844,0
0.001183114,30.34433297,0.994888967,2968.790702,0.381528234,296.1275472,11844.81848,8.298272801,11.10152501,0.000629349,3.11797656,-0.484284149,0.999543963,0
0.000525219,29.08607808,0.993941351,2400.681012,0.332022909,213.1307783,9573.637972,8.506174793,11.47598198,0.000594118,3.202999683,-0.473175529,0.999553799,0
0.003373658,3.862655444,0.999342869,2939.527597,0.645680196,306.9095988,11754.24773,7.942779367,9.299083468,0.001599601,1.873380913,-0.663933642,0.999948208,0
0.000719035,9.144590893,0.998215055,2561.733796,0.430747034,232.6067059,10237.79059,8.57182914,10.94199627,0.000798509,2.698171215,-0.555787173,0.999882391,0
0.0014135,7.604722635,0.995519597,848.7329176,0.405242982,293.2945916,3387.326948,7.761951955,10.13336376,0.000941213,2.618565412,-0.502438885,0.999388997,0
0.00123677,16.94040566,0.993672802,1339.413837,0.422888685,249.2227207,5340.714943,8.029477785,10.6280381,0.000797746,2.926097943,-0.490789696,0.99943555,0
0.001129612,10.95035714,0.994672238,1027.79635,0.384131721,213.094878,4100.235041,7.894625591,10.36886476,0.001023405,2.774064891,-0.498282743,0.999419986,0
0.001041017,7.542346459,0.997602465,1572.963326,0.450241882,224.9143756,6284.310959,8.22219084,10.45449586,0.000894979,2.479951924,-0.553074891,0.99981577,0
0.005176352,1.39060912,0.999079644,755.8277411,0.720889701,285.6467182,3021.920355,7.635980473,8.657239841,0.001873696,1.537052088,-0.704060575,0.999954622,0
0.000565804,23.35925518,0.996320674,3174.850207,0.348004155,315.7675454,12676.04157,8.547491714,11.49052325,0.000552025,3.237728249,-0.479733837,0.99960897,0
0.001499797,6.985174173,0.997248641,1269.768933,0.486855673,255.6064646,5072.090557,7.975815946,10.06701886,0.001236559,2.401476024,-0.557672343,0.999770802,0
0.001684394,16.04082891,0.991856756,984.548949,0.443345612,254.8137518,3922.154967,7.879537905,10.28600186,0.000798252,2.817970574,-0.507710213,0.999483402,0
0.00176733,9.668480005,0.992616433,655.0768676,0.463366947,241.9576213,2610.63899,7.634905598,9.832689814,0.001099408,2.553257793,-0.520001845,0.999439163,0
0.000583888,29.1594704,0.990161153,1482.436965,0.280249267,255.0638465,5900.588391,8.209138817,11.29155288,0.000517108,3.413331554,-0.437186368,0.999009476,0
0.002339806,2.855877021,0.999111726,1608.172172,0.604397511,280.6988618,6429.832811,7.966439634,9.465490941,0.001400113,1.918419713,-0.643130122,0.999929474,0
0.004049878,9.99371539,0.983561933,304.3683891,0.527473442,123.89529,1207.479841,6.926337369,8.778849926,0.002071794,2.288985877,-0.522463639,0.998882171,0
0.004719075,2.227876871,0.999630558,3016.419849,0.709214869,312.7083935,12063.45152,7.993806894,9.023477498,0.001789844,1.647343569,-0.722847383,0.999980033,0
0.000612309,12.11162404,0.996988789,2011.533634,0.323095928,211.9731227,8034.022914,8.405823701,11.17966917,0.000624473,2.935900507,-0.491396189,0.999628685,0
0.000864526,21.01428358,0.991743628,1272.758206,0.318195822,318.1566651,5070.018539,8.058896402,10.94742506,0.000559308,3.258055335,-0.450880805,0.999091738,0
0.001094211,3.986074699,0.999206067,2510.736228,0.515539469,257.0811666,10038.95884,8.546265397,10.41755925,0.001067925,2.189604871,-0.619945408,0.999952787,0
0.000522899,23.29864497,0.9960102,2920.898637,0.298545738,296.1861794,11660.2959,8.499819778,11.55598443,0.000537387,3.214489341,-0.461274409,0.999449054,0
0.000881791,19.26306492,0.994931795,1901.03236,0.350498339,238.9656465,7584.866375,8.254542035,11.05880275,0.000631964,3.039762288,-0.477359204,0.999463596,0
0.001254074,4.120644967,0.999244689,2728.149785,0.496857461,284.511906,10908.47849,8.361663373,10.2871382,0.001148913,2.227208785,-0.603461615,0.999925727,0
0.000648979,15.00779235,0.996128471,1938.351562,0.335473988,290.9632051,7738.398454,8.40449763,11.19349567,0.000615565,2.974617068,-0.489830414,0.999624377,0
0.001220851,3.107629701,0.999563087,3556.411361,0.539681233,233.1828853,14222.53782,8.541321615,10.2915608,0.001115325,2.063246812,-0.636288208,0.999964076,0
0.000539924,15.07797679,0.996859708,2400.819248,0.303092846,288.4538688,9588.199015,8.468120475,11.36470437,0.00056569,3.046709462,-0.479225521,0.999584744,0
0.001237343,5.191153213,0.999381798,4198.716942,0.475491651,244.8102897,16789.67662,8.453663828,10.46354192,0.001031968,2.363195358,-0.597154015,0.999926154,0
0.002232091,10.99313549,0.975889797,228.0085803,0.375753627,88.42061016,901.0411859,6.786980237,9.245876641,0.000752119,2.676144175,-0.406533139,0.995261336,0
0.001077126,6.991003808,0.99805958,1801.355759,0.387108141,325.8425868,7198.432031,8.188005503,10.58796685,0.000778427,2.584151735,-0.52775597,0.999728713,0
0.001288586,4.35127893,0.999123058,2481.31774,0.463167546,314.1988119,9920.919682,8.220492802,10.26102402,0.001030331,2.286195738,-0.580032308,0.999877258,0
0.002069151,2.226509213,0.99940224,1862.669344,0.585670351,289.8883173,7448.450865,8.200176786,9.719135832,0.001306078,1.881303755,-0.650710638,0.999954089,0
0.001277073,6.755397897,0.999114822,3816.856556,0.542340605,282.2852528,15260.67082,8.616272435,10.44914927,0.001124793,2.227570046,-0.628506454,0.999961771,0
0.000805028,26.05740707,0.990039175,1308.347647,0.276925017,285.2899963,5207.333179,8.001908238,11.16361423,0.000492685,3.328695477,-0.408623302,0.998239287,0
0.001485535,6.295599606,0.99713428,1098.754514,0.500589402,244.177369,4388.722458,8.055640698,10.11301898,0.00098989,2.344804091,-0.567075281,0.999817218,0
0.001464639,4.078075527,0.998722188,1595.924648,0.506873856,318.8585252,6379.620518,8.13894385,10.0542416,0.001103358,2.210477558,-0.592450711,0.999883416,0
0.005542658,1.130562085,0.999885394,4933.078515,0.787093144,331.9230687,19731.1835,8.154367181,8.900318145,0.001962604,1.385497855,-0.787784202,0.999994979,0
0.004108243,1.622727093,0.999601512,2036.454287,0.679485476,337.0277129,8144.194422,7.95667606,9.130438316,0.001656381,1.700199106,-0.695688553,0.99996826,0
0.001890662,6.68677207,0.999066385,3581.636688,0.539148967,298.1148641,14319.85998,8.489759015,10.34091495,0.001033997,2.339841754,-0.620442598,0.999950295,0
0.001571601,5.482706764,0.996792424,855.1578198,0.460918439,229.0334722,3415.148573,7.779832573,9.898358292,0.001245327,2.37303694,-0.541135282,0.999627121,0
0.001719085,2.716336493,0.999022666,1389.745866,0.564951992,221.4127529,5556.267127,8.135507052,9.764303978,0.001445326,1.975911467,-0.632484448,0.999934984,0
0.000599657,9.963662587,0.99818986,2752.568449,0.33849765,259.0746207,11000.31014,8.493124279,11.15426918,0.00070252,2.812358352,-0.512543632,0.999753671,0
0.000514664,28.39607824,0.9912079,1615.265586,0.276997997,301.7595652,6432.666267,8.276421202,11.47892471,0.000500853,3.369462659,-0.424038365,0.998869527,0
0.000445662,20.60905589,0.996786042,3207.601321,0.293318032,289.93523,12809.79623,8.600660446,11.65619221,0.000555417,3.215683024,-0.468342544,0.999553729,0
0.002618346,9.922811127,0.999009214,5007.936903,0.543036734,309.0622994,20021.8248,8.480384015,10.39673354,0.00094846,2.547629334,-0.616318146,0.999947764,0
0.002141128,8.095069847,0.997827951,1863.549006,0.432062733,306.0906862,7446.100955,7.846451135,10.09173669,0.000817607,2.60666806,-0.526955387,0.999601077,0
0.0024973,4.273934826,0.99845222,1381.246845,0.546605478,303.3083082,5520.713447,7.865392216,9.635817586,0.001138655,2.137188911,-0.597190402,0.999850996,0
0.000307105,75.44340995,0.9820209,2098.435848,0.212937159,235.0662667,8318.299983,8.456927658,12.24008467,0.000340942,3.947554646,-0.361835683,0.997559846,0
0.002196952,6.115814607,0.991426088,356.6666145,0.410937978,140.020853,1420.550643,7.062619224,9.34080235,0.001103378,2.478148631,-0.461733025,0.998017659,0
0.00067684,18.37362735,0.995355318,1978.052782,0.318022564,226.5176796,7893.837502,8.352206976,11.27629205,0.000584892,3.138841474,-0.466997072,0.99944048,0
0.00201018,2.684201716,0.99876878,1090.191983,0.556907475,188.6017492,4358.083729,7.983344121,9.629083298,0.001549259,1.973790884,-0.622332097,0.999909474,0
0.000625883,16.51659124,0.995368737,1783.146466,0.325584607,277.9126167,7116.069272,8.32327085,11.20314868,0.000608063,3.060835846,-0.47128365,0.99945358,0
0.00153701,7.776742036,0.996538091,1123.359427,0.498864644,240.7457418,4485.660968,7.925947603,9.988108318,0.000991717,2.360657203,-0.558556274,0.999761418,0
0.000658689,20.51104533,0.99225349,1324.020323,0.273712007,218.3821071,5275.570246,7.972302183,11.10250959,0.000654326,3.279215043,-0.409387322,0.998248361,0
0.004426454,1.574533827,0.999161439,939.2292348,0.685326793,212.1873554,3755.342405,7.598080692,8.735350575,0.002517801,1.638063868,-0.681868471,0.999935267,0
0.000792852,11.53525096,0.998604034,4131.557778,0.455081078,265.4072531,16514.69586,8.72441443,11.07659206,0.00082446,2.676760594,-0.566898248,0.999913809,0
0.000689627,11.61686969,0.997008206,1941.543499,0.342648557,176.9485305,7754.557128,8.286041728,10.98341065,0.000789912,2.893564964,-0.494263317,0.9996015,0
0.000711639,18.18811156,0.996528192,2619.461128,0.359976767,277.6879867,10459.6564,8.429852606,11.22587791,0.000687505,3.028871327,-0.490852627,0.999627663,0
0.000381617,37.38215872,0.991408367,2175.592048,0.200160303,288.3406953,8664.986033,8.306074729,11.92248357,0.000386538,3.707147642,-0.371025565,0.997737084,0
0.000523157,33.51513409,0.991647469,2006.99815,0.231927209,265.3475327,7994.477466,8.241922344,11.64086427,0.000441933,3.570386807,-0.395149034,0.998257721,0
0.000524636,21.76927068,0.993348165,1636.526781,0.250705122,236.553831,6524.337852,8.192769447,11.40682608,0.000529092,3.332347818,-0.415510445,0.998656554,0
0.000918147,17.64653891,0.988498229,767.2382629,0.300963104,189.9211494,3051.306513,7.783632819,10.77892307,0.000624398,3.148451005,-0.412631015,0.998011769,0
0.000538216,14.76640161,0.997116858,2561.003751,0.302048402,258.2693864,10229.2486,8.463500638,11.38606103,0.000581062,3.067080245,-0.475318077,0.99955859,0
0.001106361,7.050402204,0.998311825,2088.452743,0.43941229,289.0559064,8346.76057,8.309949096,10.55148693,0.000955256,2.50665192,-0.557296806,0.999840974,0
0.000346102,96.2729618,0.974112875,1859.697178,0.211469387,277.0584707,7342.515751,8.325971687,12.16587424,0.000324171,4.066797217,-0.34513328,0.996663166,0
0.001530325,11.61011498,0.995864416,1403.884132,0.504940733,197.1538953,5603.926412,8.013760141,10.20570941,0.000902315,2.573750259,-0.549980787,0.999760835,0
0.001317855,13.32647895,0.996397889,1849.898286,0.347269902,363.6570944,7386.266667,7.859442715,10.58675971,0.000672409,2.967420021,-0.45921092,0.999046464,0
0.002041764,2.379858684,0.999537879,2575.217821,0.606769659,296.7652695,10298.49142,8.389508476,9.822987184,0.001306591,1.90250982,-0.672361042,0.99997421,0
0.00123317,7.334980948,0.998308399,2168.178256,0.417471237,319.8202091,8665.378044,8.154975287,10.4524315,0.000893438,2.587094231,-0.539992612,0.999762801,0
0.001249561,7.561162348,0.998924541,3515.456144,0.585669103,275.6062507,14054.26341,8.641558397,10.37644298,0.001154224,2.160634318,-0.644495844,0.999971869,0
0.001845977,7.2039945,0.997736118,1591.464314,0.490419605,303.6280782,6358.65326,8.04803085,10.12472048,0.000947543,2.427525758,-0.56385433,0.999803987,0
0.000751961,26.93979083,0.989542255,1288.229217,0.279353042,205.4380251,5125.977079,7.933963492,11.16930254,0.000534273,3.389920327,-0.391221845,0.997610977,0
0.001000856,9.969416594,0.998648836,3689.61238,0.408222392,280.5751821,14748.48011,8.504980038,10.99121327,0.000733017,2.748675779,-0.538614262,0.999835037,0
0.001333781,6.366945974,0.999114866,3596.665195,0.493104058,333.3079285,14380.29383,8.50660795,10.52687881,0.000931241,2.406828705,-0.598283329,0.99993286,0
0.005238652,0.751004342,0.99971719,1327.854696,0.768295972,142.2554185,5310.667778,7.559052718,8.32385437,0.002569533,1.311059758,-0.747923145,0.999974197,0
0.001492173,4.835765841,0.998952569,2308.934479,0.525422979,253.3239199,9230.902149,8.249044486,10.12272366,0.001054429,2.248120072,-0.604882385,0.999916514,0
0.000998371,23.83750448,0.989039713,1087.632539,0.351622085,219.7502204,4326.692653,7.951998112,10.83033303,0.000761796,3.221250751,-0.445077319,0.998910035,0
0.001777648,2.616674513,0.999562529,2990.848818,0.577717581,282.5724549,11960.7786,8.346518631,9.897846526,0.001260631,1.94929052,-0.653577958,0.999963815,0
0.000568082,31.94186902,0.976877127,690.6805076,0.207318018,268.3995557,2730.780161,7.60477751,11.09938549,0.00046412,3.599829824,-0.32649844,0.993059905,0
0.001820665,9.925113304,0.990953052,548.6269747,0.384468884,300.726313,2184.582786,7.316584765,9.858163089,0.000915783,2.767677183,-0.441200524,0.99794067,0
0.001499793,5.347724804,0.998966501,2587.373688,0.502491131,239.0044041,10344.14703,8.204969403,10.17310824,0.001163571,2.308852447,-0.58909991,0.999888571,0
0.0023845,3.244853074,0.996757822,500.5014338,0.500385439,232.8711736,1998.760882,7.402624384,9.253314371,0.001507454,2.103214342,-0.55554327,0.999557518,0
0.002029435,2.428916119,0.999348965,1865.462288,0.579718865,309.5093025,7459.420236,8.1391549,9.648474678,0.001325765,1.937932079,-0.649465308,0.99994965,0
0.000835077,10.53729841,0.998226932,2971.292546,0.361420362,220.880688,11874.63288,8.560636219,11.17789678,0.000662358,2.847181427,-0.524557089,0.999811768,0
0.001220702,2.759253126,0.999375081,2207.868037,0.534200379,256.6939687,8828.712896,8.487782029,10.19763512,0.001145103,2.00541,-0.63850728,0.999961994,0
0.003056452,3.572300753,0.997702058,777.2696923,0.575900194,272.017428,3105.506468,7.587147727,9.239683592,0.001243776,2.016458838,-0.5983722,0.99979227,0
0.000998154,31.99510809,0.993713481,2547.121187,0.346619247,221.8249785,10156.48964,8.161456865,10.97101366,0.000763041,3.243876724,-0.470488811,0.999351392,0
0.001350123,14.6126802,0.987843097,601.2214957,0.361275255,263.9650127,2390.273303,7.552643078,10.24833687,0.000674562,2.88936839,-0.437690086,0.998242262,0
0.001452894,15.55729146,0.99522754,1631.637483,0.470759155,259.0073301,6510.992639,8.07574873,10.31841964,0.001097905,2.599788362,-0.542785047,0.999737862,0
0.001050001,11.91394388,0.995630185,1363.338497,0.331217857,293.6720923,5441.440045,7.925605097,10.64953898,0.000626102,2.913816042,-0.463687413,0.999137752,0
0.000167014,138.3481312,0.9722645,2494.060121,0.129156237,230.7604037,9837.892353,8.541333724,13.03322198,0.000197324,4.574092276,-0.278932737,0.99238187,0
0.003309201,9.619900383,0.998086095,2514.35444,0.609168533,313.0283317,10047.79786,7.952465291,9.552220611,0.001237797,2.138985739,-0.628887818,0.999912245,0
0.002620269,2.468158577,0.999640737,3435.713909,0.716178194,327.174931,13740.38748,8.451574079,9.53286039,0.001645351,1.612171395,-0.728515455,0.999990245,0
0.002409015,3.079130186,0.998835909,1323.006015,0.642811939,299.4539361,5288.944929,8.091834582,9.437802667,0.001532192,1.812807076,-0.671569748,0.999960253,0
0.000560293,67.0999746,0.982844173,1956.069918,0.255722871,211.7336638,7757.179699,8.226814535,11.79210345,0.000436633,3.922406522,-0.375585691,0.997679501,0
0.001333428,19.09151914,0.997662929,4086.656405,0.461451049,297.6216569,16327.5341,8.517030561,10.76376992,0.000867573,2.727792687,-0.569766257,0.999892319,0
0.00059795,30.54832921,0.993949028,2525.508175,0.351569753,287.7350525,10071.48437,8.435292545,11.46824101,0.000542171,3.330060032,-0.460380771,0.999415962,0
0.001454916,5.17583487,0.998718122,2019.712011,0.446993109,328.8499985,8073.672208,7.95791123,10.09858508,0.001008191,2.379973692,-0.550145921,0.999744609,0
0.002680075,15.01671005,0.997720139,3294.386241,0.469862734,309.7431606,13162.52825,7.914648154,10.17177588,0.000888377,2.65690121,-0.530880742,0.999649533,0
0.000901657,21.45256174,0.991971056,1336.423789,0.356532256,186.567512,5324.242594,7.919098344,10.72325535,0.000682317,3.076433531,-0.452532206,0.99896063,0
0.000705061,26.25038168,0.996784891,4085.600541,0.34064251,246.1031301,16316.15178,8.613458369,11.36147834,0.000594483,3.221988801,-0.510550288,0.999767976,0
0.002158892,8.605587616,0.997180664,1526.410978,0.47273898,263.8440045,6097.038326,7.802175284,9.971811504,0.001141176,2.594463735,-0.535894927,0.999631352,0
0.00237869,6.552187659,0.998535849,2238.051046,0.523717324,316.6261021,8945.651996,8.010284287,9.934851209,0.001137764,2.320117808,-0.583760267,0.999849139,0
0.001981055,2.787891935,0.998400841,871.7802714,0.540859302,295.2865528,3484.333194,7.764390586,9.471223572,0.001295748,2.010094667,-0.60039671,0.999839428,0
0.004412258,2.682856306,0.998600002,958.5135155,0.65961024,295.0952569,3831.371206,7.653812097,8.940491197,0.001620294,1.801685383,-0.660167149,0.999918268,0
0.001628558,15.58950643,0.989014951,710.1252642,0.42062869,325.2946101,2824.91155,7.494606869,10.0183868,0.000833718,2.810913755,-0.460882527,0.998621614,0
0.000607591,15.8763506,0.997963753,3898.480345,0.368733508,319.2182604,15578.04503,8.527054735,11.22227618,0.000684629,2.93368012,-0.511889665,0.999758757,0
0.000675356,25.33559298,0.992875954,1778.556027,0.271887262,257.9385826,7088.888516,8.115032582,11.29527758,0.000479065,3.371083171,-0.414375983,0.998554322,0
0.002729016,22.15755722,0.991630824,1324.030024,0.492522388,242.3749044,5273.96254,7.729740976,9.96730529,0.00109677,2.740201493,-0.520044161,0.999514631,0
0.001021,46.93202965,0.985086478,1574.494803,0.306313847,264.1291842,6251.047181,7.765113461,10.98224305,0.000560954,3.497030419,-0.383059781,0.997010581,0
0.001923419,7.23910046,0.995854018,872.9358368,0.433946609,260.3583509,3484.504247,7.632368125,9.9090644,0.000939739,2.511161432,-0.507349546,0.999356456,0
0.002058956,11.88473822,0.994656863,1113.624295,0.450369387,276.0179021,4442.612441,7.72483435,9.978451581,0.000974163,2.678229797,-0.517743233,0.999471126,0
0.001870894,19.64759065,0.994478973,1780.890185,0.436241492,272.6654517,7103.913149,7.928619628,10.31214158,0.000867599,2.825982124,-0.514048156,0.999560661,0
0.001079695,5.180373958,0.999079345,2814.001589,0.497541578,285.5315634,11250.82598,8.522569667,10.51900304,0.001048073,2.330410168,-0.602379317,0.999936814,0
0.001138942,20.34820376,0.99552255,2272.614846,0.349727809,206.6512303,9070.111178,8.020849518,10.86067041,0.000661954,3.157829651,-0.454729928,0.999099559,0
0.001682455,9.645729193,0.998433538,3080.490439,0.481005364,350.3929644,12312.31603,8.276706697,10.41926212,0.000899063,2.580427145,-0.5691516,0.999861153,0
0.003707878,2.793866462,0.99943056,2454.980118,0.634136395,299.4876318,9817.126604,8.00721522,9.344224137,0.0015111,1.902910487,-0.672469841,0.999957253,0
0.00025471,159.0068987,0.950539226,1608.502462,0.156283803,208.1469465,6275.002951,8.246316492,12.41126894,0.000230111,4.577195744,-0.29714937,0.993049848,0
0.001165294,9.909300445,0.997208776,1775.484602,0.437090678,249.1364714,7092.029107,8.163050337,10.45897249,0.000882501,2.594492849,-0.540871083,0.999758687,0
0.000621866,34.625587,0.990701635,1863.731796,0.3078386,242.1832389,7420.301597,8.32990739,11.35159783,0.000560496,3.324200233,-0.453888273,0.999289115,0
0.002112523,8.154797439,0.997712996,1783.825459,0.546061666,306.4300718,7127.147038,8.204027147,10.12633744,0.001008816,2.385938082,-0.596722186,0.99989649,0
0.001133848,25.09302721,0.993359429,1889.929942,0.404105152,300.4025078,7534.62674,8.158878359,10.79923337,0.000762712,2.997516423,-0.4940361,0.99954396,0
0.001649792,6.306484387,0.998488234,2086.886045,0.514669418,219.8174976,8341.237694,8.306981008,10.26044142,0.001178523,2.389397944,-0.597742703,0.999912828,0
0.000862328,51.43334183,0.981035054,1356.194025,0.299006899,236.4203975,5373.34276,7.910519992,11.01938394,0.000548592,3.384420785,-0.41030188,0.998170262,0
0.001684564,5.339011355,0.999052734,2818.521716,0.568793047,254.29882,11268.74785,8.331598039,10.06558489,0.001360054,2.123401589,-0.628872354,0.999945694,0
0.002329887,4.104534351,0.998019592,1036.863323,0.606160926,268.8095978,4143.348757,7.908066401,9.479138031,0.001552171,1.992796573,-0.629786296,0.999908969,0
0.005171726,6.658722168,0.994157538,570.8180027,0.597771257,246.8669373,2276.613289,7.322833529,8.971046828,0.001516472,2.144177859,-0.585233902,0.999667851,0
0.001310265,6.310002638,0.997866381,1479.098083,0.49208872,240.4497557,5910.082328,8.157606096,10.22453182,0.001032845,2.378645099,-0.572401196,0.999848004,0
0.001772461,10.39213782,0.997013648,1740.107515,0.557141447,227.1448956,6950.037922,8.091095777,10.00870091,0.001067392,2.340752356,-0.593411106,0.999880217,0
0.004446809,1.477770808,0.999675361,2276.977184,0.718486997,287.1974125,9106.430965,7.966332783,8.963618661,0.001919387,1.572367353,-0.724665097,0.999979382,0
0.00128112,5.092360819,0.999245554,3375.561972,0.488982949,296.6894189,13497.15553,8.419118953,10.45739297,0.000987536,2.329067826,-0.590955878,0.999914476,0
0.000521316,85.7770457,0.953210957,917.3040311,0.214125228,237.2557811,3583.439079,7.713982863,11.6580787,0.000353477,4.123836511,-0.273586159,0.986453675,0
0.002236916,6.130237808,0.997771045,1375.400503,0.534063926,329.0297962,5495.471775,7.972130441,9.903436169,0.001032323,2.346326279,-0.580963672,0.999834705,0
0.001595135,7.933694155,0.997140907,1387.814165,0.497287218,267.6226196,5543.322968,8.132467693,10.12890133,0.001020975,2.301312719,-0.580370773,0.999860566,0
0.001357153,6.976623111,0.996861036,1111.786458,0.474642528,199.9673905,4440.16921,8.05850571,10.202306,0.000977194,2.428962008,-0.555148164,0.99978051,0
0.002299933,12.86067208,0.992720304,884.4661234,0.497490431,256.9597534,3525.003821,7.602369424,9.736486044,0.001136127,2.538342402,-0.529054593,0.999486684,0
0.001014488,13.16879536,0.995391389,1429.23329,0.376050553,225.0219097,5703.764363,7.950385683,10.57490892,0.000906448,2.876304981,-0.479940067,0.99930031,0
0.002021893,15.5613952,0.988511893,679.7460649,0.455212889,202.7826901,2703.422864,7.541256203,9.685826042,0.001212966,2.610007065,-0.522513371,0.999400351,0
0.002005348,8.095704862,0.992115759,513.6987642,0.468422358,144.032277,2046.699352,7.447841983,9.612090883,0.001682034,2.479962097,-0.511486752,0.999245831,0
0.001602549,18.78682505,0.988035594,785.4640907,0.400754981,217.2049149,3123.069538,7.600016049,10.19735826,0.001130879,2.883389688,-0.457680103,0.998712198,0
0.001673551,49.68256575,0.993601342,3883.666789,0.344244201,293.345024,15484.98459,8.153415783,11.08976563,0.000579626,3.556103585,-0.452008336,0.999181207,1
0.001308214,14.60445871,0.9982185,4099.237009,0.358456261,323.3953063,16382.34358,8.278236486,10.97235128,0.000641486,2.973553889,-0.494011043,0.999599872,1
0.000470206,64.2350756,0.988380325,2764.106135,0.198706906,321.8976217,10992.18946,8.27489978,12.08409065,0.000303316,4.016145137,-0.342211849,0.996553956,1
0.000461219,49.04943276,0.988224544,2082.737303,0.2351796,206.5781839,8281.899777,8.293635013,11.67902311,0.000406589,3.755647169,-0.403836814,0.99853945,1
0.000918919,11.09296995,0.996129339,1433.243432,0.358445091,212.6208899,5721.880759,8.1248582,10.74531974,0.000754727,2.862176476,-0.49297337,0.999522388,1
0.000955029,24.56724569,0.987422484,976.9894166,0.308481083,222.6844948,3883.390421,7.742790471,10.71774033,0.000707196,3.285280228,-0.416707944,0.99809208,1
0.00237061,3.495210047,0.99864179,1287.223787,0.627023792,188.7895901,5145.399937,8.027538116,9.506021159,0.00162198,1.951894993,-0.653217982,0.99994376,1
0.00078905,24.21504233,0.992517031,1618.296095,0.360929194,284.1582686,6448.969338,8.295368518,11.1066094,0.00062313,3.112776379,-0.478259172,0.999496002,1
0.001245418,20.08499821,0.993664627,1585.625594,0.342182648,291.6474069,6322.417379,7.997575582,10.78061378,0.000694083,3.19601625,-0.46072179,0.99916073,1
0.000799281,17.12522202,0.990473482,898.9984819,0.297106046,285.2509342,3578.868706,7.871145663,10.86996567,0.000573796,3.153698976,-0.419533967,0.998333594,1
0.001486202,6.337868815,0.997683764,1368.493153,0.417301034,259.8293761,5467.634744,7.840640963,10.10147107,0.000835684,2.490272591,-0.5244143,0.999582613,1
0.001102906,10.24316018,0.996897648,1651.467413,0.425549851,260.284093,6595.626493,8.225829335,10.59625677,0.000817419,2.634545219,-0.534350673,0.999755858,1
0.001781944,2.837674715,0.999368998,2248.691323,0.544390385,309.8379429,8991.927619,8.210216672,9.865809052,0.001289585,2.023116016,-0.632138676,0.999941055,1
0.000842018,14.3344168,0.997689574,3102.417414,0.371364405,327.8715501,12395.33524,8.274213527,10.9475533,0.000690985,2.887173588,-0.4970415,0.99959573,1
0.000850555,5.325341424,0.998874029,2365.237675,0.445119634,236.9781949,9455.62536,8.496710918,10.67337603,0.000919537,2.40241329,-0.576881677,0.999905172,1
0.000961935,9.350711576,0.997774223,2101.054202,0.377426634,305.9545836,8394.866095,8.166253714,10.69483401,0.000751104,2.725556624,-0.509979369,0.999639517,1
0.000641024,40.69574666,0.984082924,1279.471082,0.230264384,316.2378144,5077.188581,7.946823521,11.39287367,0.000401605,3.626989708,-0.363898885,0.996636927,1
0.001286763,6.198016908,0.99763738,1311.881606,0.433746,305.1013818,5241.328409,7.901894312,10.13297389,0.000903482,2.470244756,-0.534024971,0.999665122,1
0.00094946,6.326204779,0.998452651,2044.507964,0.409856196,268.2525273,8171.705652,8.282805177,10.59877548,0.000913575,2.517596843,-0.546020213,0.999814059,1
0.001564588,7.10275368,0.998101684,1871.55063,0.475503607,316.0237315,7479.099766,8.065795672,10.17717377,0.00101753,2.407836211,-0.560617325,0.999802898,1
0.00262446,3.24555733,0.997617892,681.2711712,0.530402713,287.2331169,2721.839127,7.473196456,9.244243867,0.001448893,2.089600115,-0.573280931,0.999680537,1
0.000579263,14.33078456,0.996811922,2247.892216,0.30898705,184.6033164,8977.238081,8.330708052,11.18973297,0.000728832,3.052131022,-0.474746418,0.999497943,1
0.000962983,10.8118348,0.996758625,1668.107573,0.346582083,267.9245276,6661.618457,8.103155831,10.75073031,0.000698298,2.851375142,-0.48791027,0.999484109,1
0.001708655,7.804790002,0.996267365,1045.584182,0.393670009,268.0946698,4174.531938,7.668227101,10.09091428,0.000842979,2.616140862,-0.488631355,0.99921458,1
0.001955066,23.92389998,0.992152451,1525.245488,0.425014489,281.0583398,6077.058053,7.746696331,10.18113854,0.00081906,2.765805429,-0.493282013,0.999299779,1
0.00067193,22.82528104,0.996325011,3105.542096,0.339856465,243.6713226,12399.3431,8.489980229,11.40683387,0.000604344,3.101404331,-0.478245031,0.999578089,1
0.001363347,14.6020207,0.987233801,572.1373436,0.360049286,263.8897468,2273.947354,7.525809238,10.22664583,0.000690475,2.892295848,-0.434608601,0.998125275,1
0.001779752,5.331165222,0.998095457,1399.983487,0.451855476,295.1075772,5594.602783,7.753328256,9.886338156,0.001096796,2.385765326,-0.537198925,0.999623983,1
0.001058869,8.655574649,0.997667542,1856.059746,0.37816791,274.762436,7415.583409,8.15316313,10.62929494,0.00074842,2.670879335,-0.514983246,0.999660145,1
0.001481909,10.38983634,0.996408915,1446.784739,0.32729049,294.1345312,5776.749119,7.692332353,10.39105702,0.00063585,2.839199645,-0.450876384,0.998729891,1
0.001917113,8.139284265,0.996622946,1205.485055,0.559555839,218.4930708,4813.800937,8.015789791,9.798340277,0.001443534,2.138445034,-0.604382728,0.999885502,1
0.001168888,11.1173804,0.996403042,1545.710706,0.400910562,290.6513489,6171.725442,8.034422357,10.53156809,0.000849233,2.730606899,-0.504259898,0.99955646,1
0.002317354,1.755087161,0.999435661,1555.064076,0.615189037,348.2471355,6218.501216,7.988586981,9.3387981,0.001372336,1.725371904,-0.664468931,0.999950073,1
0.001866985,8.828226886,0.994658848,826.6355194,0.489134992,290.566802,3297.713851,7.773895117,9.908900342,0.001050968,2.444901453,-0.538627727,0.999628707,1
0.000634548,32.750568,0.996194393,4304.553492,0.336242351,292.3790017,17185.4634,8.721335757,11.50342487,0.000589573,3.201086915,-0.512045001,0.999793673,1
0.006719494,3.175742177,0.998902875,1447.478573,0.693311134,344.241741,5786.73855,7.594635654,8.755712676,0.001709531,1.812257135,-0.685919824,0.999942778,1
0.000865165,20.31063298,0.996928062,3305.849789,0.333841895,274.2678612,13203.08852,8.369007575,11.22121799,0.000611777,3.203662123,-0.478552859,0.999543407,1
0.001151488,8.023205642,0.999051224,4228.644174,0.426786953,297.7769011,16906.55349,8.520803163,10.83686704,0.000803914,2.610658549,-0.559812054,0.999880524,1
0.000829833,11.47399304,0.998374843,3530.464471,0.387615192,249.5139793,14110.38389,8.633941042,11.19449975,0.000685354,2.856078476,-0.534891104,0.99985075,1
0.000747081,29.86310896,0.990805802,1624.604051,0.286219039,264.7794841,6468.553094,8.131999563,11.27457056,0.000510322,3.378707398,-0.420815649,0.998628408,1
0.00060312,18.01026856,0.997315492,3354.637643,0.392703098,303.1485152,13400.5403,8.716925888,11.45039048,0.000661261,2.995431854,-0.517166855,0.999821643,1
0.002167024,21.97547225,0.985554898,761.7820704,0.451182126,275.7917044,3025.152809,7.540041196,9.800099684,0.000883303,2.740615026,-0.504562173,0.99924217,1
0.001131639,17.40919666,0.991295553,999.9809802,0.374038856,219.6266456,3982.514724,7.876279081,10.59302026,0.000804045,3.08999662,-0.46255191,0.999094644,1
0.000987418,17.31711767,0.995095753,1765.880058,0.387788354,315.1466739,7046.203113,8.231171457,10.87619974,0.000700422,3.003773498,-0.497342837,0.999597371,1
0.000670443,15.49050055,0.995251906,1631.16927,0.318044059,290.6421061,6509.186581,8.153108139,11.03580253,0.000586201,3.08236034,-0.459712037,0.999259307,1
0.001767705,8.791033268,0.992301603,571.0768132,0.416244088,252.752345,2275.51622,7.436901766,9.807369145,0.001033005,2.679237438,-0.478310439,0.998878832,1
0.002413467,2.781667294,0.997893553,660.3485695,0.560573279,209.6175103,2638.612611,7.577348633,9.248667108,0.001850385,2.020452003,-0.59573781,0.999790629,1
0.002242452,4.320415098,0.997702175,940.2406385,0.541173398,292.1504303,3756.642139,7.72948381,9.501661528,0.001393032,2.17359189,-0.589189966,0.99980909,1
0.000878063,13.65279953,0.997772816,3065.413199,0.396021809,252.8631844,12247.99999,8.397707259,10.94437308,0.000715792,2.831273434,-0.521609312,0.999760805,1
0.001974761,2.354553713,0.999116528,1332.710514,0.595249297,221.4672959,5328.487501,8.122126029,9.622087503,0.001271194,1.864463674,-0.649800156,0.99994843,1
0.001109982,13.913437,0.995012332,1394.970059,0.427390878,258.9956202,5565.966799,8.073473794,10.50625872,0.000833338,2.691186721,-0.515877982,0.999624944,1
0.001856513,4.109506426,0.997653035,875.567207,0.489124234,277.0180177,3498.159322,7.60774155,9.569038721,0.001197444,2.220188367,-0.553597668,0.999639379,1
0.002332341,3.978955422,0.999037778,2067.916939,0.530798407,370.6914955,8267.688799,8.053435422,9.870077869,0.001031296,2.211768326,-0.602637328,0.99989335,1
0.001287097,25.06434799,0.988544872,1094.501458,0.32866834,283.9772632,4352.941486,7.788417186,10.73627708,0.000649957,3.311215704,-0.419971229,0.998237317,1
0.001363596,7.353754976,0.998332827,2205.433465,0.410454324,267.3097578,8814.380103,7.963864947,10.34014775,0.000864657,2.581068857,-0.516664293,0.999589808,1
0.001240076,16.46525276,0.993220365,1214.796053,0.414607644,302.1199045,4842.718958,8.054030419,10.61258195,0.000789005,2.795854118,-0.496412194,0.999488507,1
0.00132056,11.84151262,0.995615418,1350.809283,0.381533011,294.5874012,5391.395619,7.93322014,10.43232404,0.000823023,2.805490043,-0.49609595,0.999453336,1
0.000666129,26.69134105,0.99429288,2338.553877,0.281868775,213.2548736,9327.524166,8.171754439,11.35663742,0.000476455,3.390079646,-0.41851313,0.998699472,1
0.005567344,2.252382313,0.999210582,1426.927237,0.602023303,389.079556,5705.456566,7.274573563,8.679926991,0.001393077,1.852436266,-0.617816833,0.999770682,1
0.001846444,1.460951648,0.999593313,1796.239162,0.640934603,263.9476071,7183.495695,8.220691071,9.465220784,0.001749043,1.651616271,-0.690342761,0.999974983,1
0.001748781,5.763653509,0.99536112,621.3013535,0.441279765,214.9809905,2479.44176,7.61681687,9.812787632,0.001018541,2.442142125,-0.517742996,0.999424809,1
0.002022966,3.922566779,0.99640578,545.7794241,0.474854202,268.4712534,2179.19513,7.473889709,9.466075273,0.001217849,2.228953434,-0.539452829,0.999511892,1
0.001293714,6.56188199,0.996181597,859.3889432,0.394131659,259.6080045,3430.993891,7.752573421,10.10716108,0.001069081,2.537065981,-0.504299917,0.999400684,1
0.002882309,1.436102942,0.99963183,1950.470325,0.679812676,304.0766143,7800.445197,8.166775593,9.270645736,0.001616511,1.573575655,-0.708306783,0.999979297,1
0.002075886,3.328201933,0.999392611,2740.144692,0.601136399,293.4808298,10957.25056,8.305878926,9.863192321,0.001234042,2.041389367,-0.654615844,0.99996292,1
0.002470236,7.399148382,0.997204296,1323.393596,0.402036381,292.8128406,5286.175234,7.532035913,9.914860364,0.000922542,2.605405654,-0.485762476,0.999072024,1
0.002717314,3.748248926,0.998911035,1721.511042,0.579125599,306.8501425,6882.295917,7.966638731,9.589945664,0.001399641,2.052515904,-0.624694654,0.99990934,1
0.000507117,45.11510637,0.992360937,2953.64929,0.269293139,238.3575824,11769.48205,8.489080718,11.82131272,0.000431661,3.55724313,-0.42394775,0.999058935,1
0.000744476,62.09070447,0.983296606,1858.785441,0.221971961,196.3033542,7373.051058,7.986943544,11.66133178,0.000440629,3.99490098,-0.335916043,0.99518736,1
0.002285009,2.799428473,0.999317269,2050.29704,0.582000118,270.1296514,8198.388731,8.080142995,9.646547101,0.001486861,1.972700031,-0.638625491,0.999935928,1
0.002557491,2.737185301,0.999692494,4451.026659,0.580196745,289.6220522,17801.36945,8.140949352,9.650094999,0.001374648,1.986477859,-0.649909575,0.999950254,1
0.000554342,66.1854325,0.970769319,1132.487545,0.181154625,259.9958739,4463.764749,7.765437835,11.61111247,0.000350415,4.043512244,-0.291131324,0.990030475,1
0.003275465,7.048477791,0.997591963,1464.217017,0.518335828,251.0823871,5849.819589,7.668208619,9.582490507,0.001055084,2.273734214,-0.564380864,0.999708372,1
0.004198196,2.918438117,0.995451006,320.9129469,0.537623832,315.3952541,1280.733349,6.915887947,8.631440941,0.001488909,2.037529155,-0.542558498,0.999132698,1
0.00186379,1.797290009,0.999540735,1956.842924,0.614861528,208.9334237,7825.574406,8.353252616,9.729575874,0.001355573,1.748968375,-0.677362606,0.999974697,1
0.003031019,4.098041988,0.996163296,534.2415202,0.51847049,227.4322468,2132.868039,7.310698767,9.186124559,0.001266034,2.192245388,-0.545497344,0.999445787,1
0.000699107,12.27902743,0.996916453,1991.354677,0.337698386,265.4437468,7953.139682,8.332315812,11.06584655,0.000644977,2.894842637,-0.492571786,0.99961478,1
0.001125129,23.02620655,0.995357332,2480.087296,0.41489675,298.8649081,9897.322976,8.370447841,10.97381482,0.000708959,3.054359231,-0.512923791,0.999724192,1
0.001709084,7.811965757,0.998719953,3051.624264,0.502009027,307.7868671,12198.68509,8.26718556,10.32546645,0.001005936,2.508914484,-0.580771332,0.999885728,1
0.001599645,28.86721604,0.87761149,117.9414472,0.222796687,196.8509454,442.8985727,6.389463126,9.818052579,0.000734914,3.528956784,-0.196385319,0.936413327,1
0.001752296,8.393051893,0.997290592,1549.20484,0.423637361,322.0265129,6188.426307,7.88585023,10.18203775,0.000847023,2.629788267,-0.522542139,0.999589819,1
0.001775446,8.790345392,0.99783144,2026.871619,0.493918366,271.303747,8098.696132,8.264323169,10.27678123,0.000878902,2.600861097,-0.58733747,0.99989726,1
0.002997712,1.063000734,0.999508392,1081.183322,0.688285754,275.2589473,4323.670288,7.866573138,8.902504187,0.001982145,1.494953684,-0.706129983,0.999968042,1
0.001045946,9.115858276,0.996932093,1485.936605,0.363265704,318.0830404,5934.63056,7.972102763,10.52817094,0.000796451,2.749075345,-0.492515868,0.999449486,1
0.001657922,5.391397435,0.998662858,2016.344676,0.494475301,248.1154559,8059.987307,8.152719879,10.13699025,0.001090976,2.328435577,-0.583443851,0.999870988,1
0.001897349,4.085584623,0.998762207,1650.83811,0.536898877,258.5901454,6599.266855,8.093333014,9.889273417,0.001415431,2.151002779,-0.606236571,0.999898439,1
0.000886878,13.69929197,0.997026908,2303.918055,0.396662155,288.3262305,9201.972927,8.464229867,10.94786205,0.000763636,2.873979324,-0.534278586,0.999817999,1
0.001184451,4.504313731,0.998560475,1564.658603,0.476444094,207.3964194,6254.130098,8.270998466,10.28847624,0.00110778,2.278955702,-0.585395257,0.999889811,1
0.001739898,2.206878811,0.999291718,1558.032326,0.573730094,188.1420982,6229.922427,8.156496681,9.683598374,0.001651037,1.879663932,-0.647360944,0.999949096,1
0.000218346,196.834112,0.969872896,3266.994968,0.142654881,282.4239319,12871.14576,8.63802925,13.03049145,0.000189136,4.741254313,-0.299489791,0.994771508,1
0.003067334,16.34438374,0.997903384,3899.207858,0.550758988,311.7194146,15580.48705,8.206047884,10.1134195,0.001000103,2.544889088,-0.600187955,0.999906243,1
0.001113112,13.14714886,0.991853016,807.0135208,0.33277166,258.4354418,3214.906935,7.611405346,10.43915767,0.000779419,2.975273678,-0.423259301,0.997989695,1
0.007858837,7.577177552,0.998942982,3584.545668,0.749416567,344.5761175,14330.6055,7.764277542,8.711597049,0.001732268,1.701434825,-0.750267877,0.999984887,1
0.001757318,5.895510012,0.999312538,4288.004512,0.524055822,340.8214679,17146.12254,8.401661517,10.27310576,0.000998373,2.352464029,-0.613393945,0.99994035,1
0.0012216,7.623522664,0.998056421,1961.651004,0.406559852,256.584548,7838.980494,8.090599644,10.44192504,0.000839257,2.635169019,-0.52846297,0.999705212,1
0.006476052,2.5566336,0.999267562,1745.490073,0.703066762,350.2940833,6979.403657,7.717774726,8.812839344,0.001666774,1.794380628,-0.713015667,0.999969293,1
0.000837732,6.439182308,0.998556942,2231.358652,0.425638215,243.013593,8918.995426,8.454505618,10.69809903,0.000879321,2.482766732,-0.565601573,0.999883691,1
0.001035681,16.57363659,0.996803177,2592.700944,0.360617519,291.7933525,10354.23014,8.107597897,10.79751032,0.000710715,2.985491581,-0.482968364,0.999436635,1
0.00166825,5.702103551,0.998583056,2012.564116,0.477857236,241.3947132,8044.55436,8.004050549,10.07974954,0.000985456,2.434648226,-0.562375452,0.999798403,1
0.000695733,12.49475622,0.997201184,2232.404289,0.3236431,216.4803238,8917.122399,8.366957723,11.13405912,0.000617874,2.91245824,-0.491023396,0.999622821,1
0.000637369,22.81745294,0.995846664,2747.480593,0.290212323,324.8487389,10967.10492,8.36151624,11.462415,0.000503915,3.306054794,-0.444993389,0.999243862,1
0.000313905,110.3139139,0.94581928,1018.065162,0.143189464,168.3588472,3961.946735,7.819648332,12.0942731,0.000277676,4.407009799,-0.237539668,0.979950266,1
0.000631178,50.41322353,0.991404532,2932.815061,0.259750504,358.8526606,11680.84702,8.372823648,11.77998331,0.000389227,3.760321515,-0.405392757,0.998695994,1
0.001708982,3.307566484,0.998774209,1349.27734,0.507662285,260.2399117,5393.801795,7.971495374,9.788647348,0.001392894,2.118923437,-0.596763289,0.999869496,1
0.001083398,10.34033105,0.995609799,1177.989837,0.37682364,281.8497613,4701.619018,7.995205787,10.55770213,0.000722977,2.770265095,-0.491711135,0.999441193,1
0.001434549,6.741980206,0.997673103,1448.876635,0.434412759,283.4435729,5788.764561,7.952230192,10.21281435,0.000929385,2.491339168,-0.532368101,0.999671968,1
0.000961046,19.36977384,0.994445561,1743.890681,0.293967769,313.2616146,6956.192951,7.898207816,10.91295197,0.000524646,3.199265007,-0.420518101,0.998346507,1
0.002237211,3.589808457,0.998471854,1174.833088,0.504093096,311.2330706,4695.742545,7.704835267,9.580134746,0.001292374,2.168165451,-0.572596039,0.999752144,1
0.000770131,7.909412402,0.998879218,3528.618492,0.414584771,267.7588153,14106.56456,8.61306256,10.97147401,0.000818998,2.595736304,-0.559240438,0.999889544,1
0.00123665,6.775953218,0.998335948,2036.261321,0.441823581,319.7490442,8138.269329,8.321818722,10.52559142,0.000843834,2.524549271,-0.563027026,0.999855721,1
0.002246385,2.289668314,0.99970535,3885.784301,0.693837176,283.193902,15540.84754,8.557201305,9.653898641,0.001513066,1.693182221,-0.728806253,0.999991709,1
0.000660198,38.82550079,0.980959191,1019.759851,0.246392907,341.4762157,4040.213902,7.776352253,11.25218053,0.000440296,3.593395628,-0.343816744,0.994817164,1
0.005227811,1.699465159,0.99956071,1934.771436,0.63813322,378.8883831,7737.386279,7.583764211,8.830237294,0.001469099,1.712615727,-0.660239188,0.999910918,1
0.001613657,78.21181806,0.980386116,1993.878942,0.506203111,247.2189164,7897.303951,8.261672152,10.37705651,0.00098153,2.518298325,-0.573887774,0.999870832,1
0.007011218,3.035554508,0.972749159,55.70837396,0.509553044,183.3848437,219.7979413,5.872037523,7.681946228,0.002044034,2.069208629,-0.428191337,0.991821579,1
0.001685934,4.161852495,0.998613797,1501.34173,0.499499662,246.3732798,6001.205069,8.127243066,10.03148073,0.00102824,2.230423373,-0.593102864,0.999885345,1
0.000656067,17.74215619,0.995144513,1827.289028,0.290366538,216.1319977,7291.413955,8.274848334,11.32111183,0.000523005,3.177928088,-0.445732743,0.999202818,1
0.002392058,5.44044715,0.998588721,1927.74174,0.572396567,244.4829472,7705.526512,8.075299269,9.857936801,0.00122518,2.194327274,-0.608308291,0.999900898,1
0.000576688,42.82556822,0.986030378,1533.639867,0.301990426,275.2664634,6091.733898,8.172787985,11.39199368,0.000552696,3.442146874,-0.414304573,0.998569531,1
0.000565634,58.52698946,0.988487762,2542.228336,0.235461257,253.1386319,10110.38636,8.366572044,11.97200472,0.000355995,3.82796934,-0.379651137,0.998058324,1
0.000943121,34.51800072,0.975238557,697.2067189,0.274696703,235.207483,2754.308875,7.569433985,10.74465219,0.000482172,3.404457384,-0.369282834,0.995806431,1
0.000578306,20.2224099,0.995815345,2416.703074,0.301666199,267.9161986,9646.589887,8.367583484,11.39511971,0.00055685,3.192254711,-0.4554488,0.999350816,1
0.000396303,69.1618612,0.986097466,2487.83667,0.22973453,285.7369133,9882.184818,8.334500128,12.01291626,0.000343062,3.914794112,-0.366039099,0.997455716,1
0.001034052,13.16342752,0.996856645,2094.623275,0.404306256,295.1066844,8365.329672,8.264076025,10.7532562,0.000840485,2.812218764,-0.520632578,0.99971622,1
0.00100496,10.80762707,0.998398482,3374.33954,0.393408338,268.2073533,13486.55053,8.391802821,10.9067519,0.000666873,2.850460078,-0.529595186,0.999794331,1
0.000308592,56.55715203,0.991381925,3281.70702,0.230808611,288.3584256,13070.27093,8.670575986,12.17785668,0.000374538,3.786319761,-0.416730248,0.999113468,1
0.00290614,9.48049296,0.995924831,1164.19428,0.557065058,213.0635112,4647.296627,7.551810325,9.363968373,0.001739711,2.282503995,-0.57354844,0.999703107,1
0.000762501,10.89523502,0.998613253,3928.570935,0.385461438,243.4723635,15703.38851,8.586604454,11.11454077,0.000688746,2.839559516,-0.536769558,0.999846422,1
0.000512712,68.18996157,0.97547268,1391.361577,0.223277058,277.5394464,5497.256345,7.978252038,11.66063306,0.000371786,3.92684689,-0.337921198,0.995332742,1
0.000537556,13.56713955,0.997618766,2848.828348,0.323130561,257.453905,11381.74625,8.565019646,11.40552564,0.000584977,3.012578245,-0.49328263,0.999699205,1
0.0015636,17.20360419,0.998035585,4379.648756,0.458987705,324.9640289,17501.39142,8.452772283,10.79207739,0.000791751,2.808615686,-0.552981668,0.999856926,1
0.000872641,49.19262912,0.977380597,1087.548566,0.17823347,244.4840073,4301.001637,7.338734936,11.11465698,0.000336274,3.889240595,-0.260644998,0.981526407,1
0.000641644,16.54705288,0.994977462,1647.567819,0.297527594,194.036765,6573.724225,8.267114122,11.24195735,0.0005489,3.114554645,-0.454672307,0.999285288,1
0.000940353,17.27410057,0.993015076,1236.660999,0.305059728,333.0152237,4929.369894,7.898909753,10.84205512,0.000579007,3.148238453,-0.430863732,0.998605166,1
0.000649543,28.579166,0.98961024,1375.415697,0.310767663,251.6622885,5473.08362,8.169421124,11.24948307,0.000531793,3.307398589,-0.432844811,0.998907559,1
0.000640857,25.59449856,0.993105729,1856.317855,0.246266692,273.382069,7399.67692,8.080692215,11.37834898,0.000504862,3.424489185,-0.395266293,0.998080271,1
0.00083076,37.58442951,0.993217959,2771.000668,0.330092219,236.4110449,11046.41824,8.481091298,11.5763765,0.000494026,3.432493283,-0.458533918,0.99944735,1
0.001172403,13.9559751,0.998398905,4358.736785,0.382377772,272.5276303,17420.99117,8.423971806,10.99624152,0.000676447,2.951425134,-0.520834524,0.999767384,1
0.001960646,3.990118156,0.999496729,3964.826418,0.605550688,292.1387529,15855.31556,8.29103979,9.81090864,0.001393303,1.955808215,-0.655784988,0.999962154,1
0.00102178,9.290639758,0.998710826,3603.502118,0.460064415,291.2029131,14404.71783,8.564728279,10.80403051,0.000901144,2.561693627,-0.572587866,0.999905984,1
0.000999633,3.764823499,0.999287199,2641.100169,0.526408909,247.7267379,10560.63585,8.605521246,10.42705096,0.001091196,2.153397096,-0.629511076,0.999962288,1
0.002108117,5.855984576,0.996497144,836.0556054,0.53551865,177.5129662,3338.366437,7.774270887,9.706839048,0.001268523,2.274555821,-0.568667857,0.999758017,1
0.002712399,1.81238267,0.999341208,1375.909552,0.618607874,180.5650926,5501.825824,7.792287683,9.162547032,0.002241671,1.760263663,-0.652832401,0.999924827,1
0.012572015,1.124058327,0.998168556,307.0763618,0.744453704,284.5059916,1227.181389,6.702208565,7.567812639,0.001870818,1.422508433,-0.687285573,0.999806032,1
0.001573402,2.359806126,0.999474126,2244.036723,0.598299343,282.9818423,8973.787087,8.459580844,9.969786528,0.001265569,1.903215932,-0.664674831,0.999973454,1
0.001516606,8.081986931,0.997237849,1463.660044,0.463209895,227.2065189,5846.558188,7.905018558,10.14485962,0.00106188,2.530739655,-0.531981413,0.99964624,1
0.001923733,3.333048794,0.99874568,1328.745725,0.504922315,282.1578966,5311.649852,7.8305302,9.666053482,0.001243406,2.11005188,-0.58577939,0.999818986,1
0.007708003,1.390964757,0.999487338,1356.991808,0.730535975,246.1724344,5426.576266,7.525972022,8.44987512,0.002430228,1.546186941,-0.719393995,0.999959882,1
0.001261501,17.38204998,0.99643444,2437.89154,0.424550683,288.301463,9734.18411,8.092739833,10.61261399,0.000791222,2.802708771,-0.505122021,0.999569067,1
0.003431852,2.629272014,0.999043017,1373.816065,0.625604304,254.3250166,5492.63499,7.940622432,9.342603352,0.001308625,1.882596111,-0.656106992,0.999941205,1
0.001203607,8.854722356,0.996396957,1229.470109,0.413771264,220.0211867,4909.025715,7.982538981,10.3840437,0.000976892,2.668204898,-0.514109865,0.999583469,1
0.002513012,12.32803955,0.998037251,3141.514209,0.51039574,291.7191232,12553.7288,7.998481953,9.991557632,0.001149576,2.380932968,-0.573041717,0.999820297,1
0.003752807,4.212485855,0.99909494,2327.774263,0.568516839,319.1007207,9306.884566,7.79905981,9.50430098,0.001207426,2.089347714,-0.603112095,0.999850483,1
0.008799368,0.532090482,0.999436684,472.3577557,0.829502079,266.1271767,1888.898932,7.054731622,7.605728406,0.003237805,1.110394103,-0.779264656,0.999968026,1
0.009007001,1.268778361,0.998457228,411.3662395,0.778853363,307.8958176,1644.196179,7.106224083,7.925569265,0.00204087,1.406350035,-0.731575376,0.999943456,1
0.002133967,3.265126492,0.998783073,1341.617657,0.525648168,313.8582151,5363.205501,7.942367272,9.712467518,0.0012244,2.110179488,-0.601556966,0.999873062,1
0.002096143,1.970700969,0.99965677,2871.048965,0.64409982,272.9631746,11482.22516,8.38027578,9.702654742,0.001484142,1.770104063,-0.687631974,0.999979148,1
0.005457723,1.786624375,0.998727937,702.3212973,0.70685197,326.6426166,2807.498565,7.524872536,8.637077597,0.001571596,1.666047413,-0.689465929,0.999939083,1
0.001222737,3.222536558,0.999231846,2097.568606,0.494588268,206.1067434,8387.051888,8.290752925,10.1305846,0.00131792,2.09901023,-0.611048862,0.999926655,1
0.000887369,8.479868788,0.99781984,1944.895634,0.399007971,271.4729562,7771.102668,8.344537932,10.75159089,0.000759124,2.667203997,-0.537175494,0.999798401,1
0.000504087,16.07088403,0.996844975,2546.954896,0.294402398,273.9981773,10171.7487,8.514164858,11.46463573,0.000556739,3.105560449,-0.474986261,0.999566828,1
0.008431366,1.69749747,0.999228162,1100.515435,0.741381902,354.2395439,4400.364241,7.261723888,8.183318876,0.001790491,1.546434237,-0.708290883,0.999932377,1
0.001333052,4.931663193,0.99749494,984.357177,0.462765696,257.7758211,3932.497045,7.950147797,10.01394785,0.001121248,2.349966817,-0.559681765,0.999776005,1
0.00363966,4.511761161,0.994251872,392.5034657,0.473683633,204.0643447,1565.502102,6.895542446,8.946429365,0.001691585,2.306792649,-0.485205299,0.998237696,1
0.001032585,42.39980135,0.996358052,5821.077994,0.391464187,296.3664266,23241.91217,8.636083163,11.39818519,0.000582406,3.36516118,-0.51056845,0.999778434,1
0.004346173,1.569802702,0.998606558,563.3516214,0.629050396,298.5600766,2251.836683,7.313494169,8.617733105,0.001679111,1.688159882,-0.635948919,0.999825002,1
0.006431825,4.195835027,0.998259302,1205.366843,0.711949927,325.0062017,4817.271538,7.55572964,8.706703235,0.001733781,1.747693248,-0.687065215,0.999940909,1
0.001970576,3.034609787,0.999233431,1979.521361,0.599781354,347.3570711,7915.050836,8.274966936,9.777065183,0.001249578,1.947755097,-0.657399582,0.999962394,1
0.001714788,5.751700092,0.998919422,2661.85313,0.474884991,304.8060004,10641.66082,8.050970228,10.14442839,0.000943603,2.374534592,-0.562094651,0.999804912,1
0.000722012,9.850309499,0.997670252,2114.45542,0.360198632,268.7004695,8447.971371,8.335275397,10.92564318,0.000790383,2.767757708,-0.51116369,0.999696831,1
0.000657583,10.45239629,0.997216946,1877.93132,0.323980815,270.324185,7501.272884,8.333373238,11.02698174,0.000692127,2.842774063,-0.496853912,0.999631809,1
0.003726035,1.612541548,0.999224156,1039.316117,0.670234966,314.1054373,4155.651926,7.759465074,8.954428016,0.001538417,1.668811999,-0.678845024,0.999945808,1
0.004641432,0.853370046,0.999806302,2203.035551,0.777232998,300.7222372,8811.288833,7.980527258,8.714353029,0.002124278,1.314103675,-0.768504743,0.999989895,1
0.006471664,2.697250541,0.999558626,3056.593678,0.635784111,398.0791997,12223.67746,7.941114868,9.271678425,0.00125629,1.937781961,-0.68002305,0.999961879,1
0.001652244,11.89429902,0.997953257,2906.08416,0.48418833,232.7485728,11612.44234,8.198178013,10.39360328,0.001066753,2.739408098,-0.563589469,0.999846302,1
0.002849295,2.355916058,0.998332591,706.5910589,0.590301724,290.1174966,2824.00832,7.642215468,9.157311124,0.00150586,1.88273175,-0.622017473,0.99986034,1
0.003469175,2.817802024,0.998170624,770.3703463,0.592530299,376.3444362,3078.663583,7.546526128,9.027686828,0.001358054,1.929942298,-0.622266108,0.999845102,1
0.000881715,7.570990817,0.998762997,3060.624818,0.46063853,293.6947558,12234.92828,8.598808053,10.76232889,0.000862524,2.55171113,-0.585109814,0.999925873,1
0.001964204,5.906251643,0.997905712,1410.385331,0.543674779,342.2893368,5635.635073,8.074979951,9.866485439,0.001073375,2.239432214,-0.606777111,0.999900032,1
0.003159268,2.727897064,0.998687383,1039.178832,0.659111059,252.7695915,4153.987432,7.818319979,9.085388359,0.001624134,1.733817615,-0.670751368,0.999943221,1
0.001373187,13.35052451,0.997605216,2788.271951,0.422386235,304.3996025,11139.73728,8.263019993,10.65795721,0.000805524,2.784084281,-0.533714566,0.999767854,1
0.000437087,27.27030953,0.996809791,4274.190512,0.273370947,263.2580953,17069.49174,8.706269354,11.88731405,0.000466246,3.416035275,-0.458619719,0.99954138,1
0.003463524,1.740448478,0.99965703,2537.641814,0.666049253,311.6006942,10148.82681,8.162405542,9.351853101,0.001437684,1.741671539,-0.702063971,0.99997836,1
0.001288533,6.487313427,0.99888982,2921.931528,0.519512297,307.6161772,11681.2388,8.474631827,10.37659379,0.001041536,2.264898438,-0.61213504,0.99994254,1
0.002025485,4.069324113,0.999249508,2711.263041,0.498741189,304.7571357,10840.98284,8.018815215,9.957797535,0.001100972,2.247502315,-0.582197821,0.999846202,1
0.003306106,1.583871724,0.998973724,771.7440195,0.627359946,220.2286245,3085.392206,7.565068941,8.862435272,0.002186781,1.690703614,-0.651236663,0.999896996,1
0.003433498,0.873863867,0.999784226,2024.917673,0.763778072,259.5583104,8098.796827,8.190056836,8.992996762,0.001791337,1.349298014,-0.76060515,0.999991401,1
0.001007981,8.531301885,0.997859135,1992.467733,0.393353176,177.7519498,7961.33963,8.217243851,10.66480383,0.000724028,2.711045634,-0.524257902,0.999727762,1
0.001995826,3.846265997,0.999001947,1927.279529,0.534128292,222.942433,7705.27185,8.038332202,9.826473495,0.001447708,2.170193522,-0.605429769,0.999892664,1
0.001752553,2.875456723,0.999452912,2628.26701,0.541547301,262.1593423,10510.19258,8.20356435,9.896684077,0.001322121,2.033047078,-0.626735021,0.99993622,1
0.000574935,13.48518412,0.998579153,4745.763018,0.343207791,250.8202738,18969.56689,8.707476827,11.45175748,0.000638414,2.956798722,-0.515316157,0.99980446,1
0.000660421,15.87077014,0.99728677,2925.375981,0.301504908,307.9177992,11685.63315,8.315349317,11.2639713,0.000538756,3.122546333,-0.461685704,0.999383642,1
0.001060638,5.252737973,0.998891754,2370.267644,0.478187988,287.7827954,9475.81784,8.404449481,10.46167767,0.001068028,2.324106051,-0.587459582,0.999908834,1
0.000653451,17.08990938,0.996750498,2630.419821,0.311949872,237.0537188,10504.58938,8.373958959,11.28128302,0.000612126,3.09954443,-0.472242334,0.999494957,1
0.000335903,146.3285937,0.971604673,2577.370361,0.202732905,265.7620626,10163.15285,8.377165578,12.46356906,0.000246451,4.460965775,-0.319004112,0.99525791,1
0.001298487,19.71489211,0.996916112,3197.68121,0.42571647,314.9511862,12771.00995,8.25178375,10.74519663,0.000819004,2.828725107,-0.519097167,0.999696389,1
0.001441584,16.88362462,0.996386509,2337.932879,0.432628432,247.0788637,9334.847893,8.211287572,10.57423436,0.001011548,2.79149674,-0.534906259,0.999754809,1
0.001736872,27.05203796,0.982560287,775.4421187,0.466730735,222.2563707,3074.716437,7.684061995,9.969450817,0.000870757,2.696951194,-0.511532513,0.999404264,1
0.000724256,22.71111513,0.995177281,2354.635996,0.341123147,242.8921658,9395.832869,8.408967503,11.16274858,0.000618777,3.092693432,-0.495199053,0.999647617,1
0.000982608,13.61143652,0.997139375,2379.393205,0.443781744,223.3285277,9503.961383,8.366717078,10.70805285,0.000833888,2.674550518,-0.547989744,0.999830142,1
0.003226782,63.96159843,0.981588869,1737.359458,0.591495813,276.2079193,6885.476233,7.940961004,9.624638032,0.001217176,2.21684028,-0.61713879,0.999898749,1
0.003913233,4.058945362,0.998682723,1541.294078,0.563696408,403.097444,6161.117366,7.646249599,9.290391608,0.001140893,2.123197532,-0.603190962,0.999822561,1
0.004540616,2.605586961,0.999536685,2812.342686,0.681208196,298.4069455,11246.76516,8.027973788,9.253014741,0.001445054,1.758793729,-0.697405382,0.999972737,1
0.001141233,12.26968219,0.99723902,2221.992444,0.475393383,241.4965207,8875.700093,8.283185954,10.5121271,0.000871342,2.582535819,-0.558390495,0.999841795,1
0.00238261,12.7789472,0.996741342,1961.097484,0.497506959,293.0359836,7831.61099,8.021364113,10.10895867,0.001055601,2.691723551,-0.563285883,0.999803375,1
0.004367263,2.848221975,0.999246238,1890.165822,0.600369684,299.3750109,7557.815065,7.429562173,8.880769732,0.001593173,1.935412145,-0.620233914,0.999815935,1
0.002235178,2.001201082,0.999457841,1845.757907,0.612434765,321.9472181,7381.030426,8.143848774,9.532858412,0.001458473,1.794618011,-0.666441081,0.999960564,1
0.000682454,24.49737735,0.995105424,2503.618941,0.329654221,215.3721517,9989.978385,8.405467115,11.21779467,0.000641035,3.211101412,-0.488810307,0.999614565,1
0.002202214,9.091308944,0.996964411,1497.16147,0.534444648,160.9882224,5979.554572,7.974272873,9.871455382,0.001289763,2.343660498,-0.588138137,0.999852385,1
0.004723725,2.340848828,0.99916319,1398.836358,0.635924666,340.1562646,5593.004582,7.632010961,8.94304395,0.001483657,1.831761899,-0.654219897,0.999909441,1
0.000899832,24.49160883,0.991400474,1426.439153,0.309814872,229.3777518,5681.265005,8.013480987,10.90262576,0.000587992,3.240162192,-0.447632072,0.998995052,1
0.001849176,9.96319367,0.991789702,606.8223234,0.376305959,355.6560931,2417.3261,7.440143562,9.958160224,0.000746257,2.792355784,-0.454944042,0.998483908,1
0.001669415,34.461811,0.991708543,2081.235845,0.345050441,233.632817,8290.481569,8.147479436,10.86350622,0.000681949,3.384060273,-0.484603373,0.99946631,1
0.001624404,11.70792093,0.998097498,3077.342904,0.417758975,279.0169789,12297.66369,8.109440638,10.49245273,0.000836663,2.729087199,-0.525007162,0.999689337,1
0.0016578,2.140975295,0.999498689,2135.512116,0.60172944,257.8120768,8539.907488,8.417844968,9.85574256,0.001299461,1.868128095,-0.673099854,0.999975499,1
0.002332031,5.467423402,0.996535285,789.2675006,0.439735873,319.5089722,3151.602579,7.320290381,9.499586798,0.00107731,2.428067782,-0.501504321,0.999079016,1
0.002516016,2.473479742,0.999626341,3310.169096,0.645733401,276.2586228,13238.20291,8.222536118,9.542982248,0.001514168,1.858536868,-0.683482949,0.999972862,1
0.00413606,1.622377504,0.998896873,735.461047,0.662510124,228.0360194,2940.22181,7.561512098,8.745310896,0.00162719,1.618037136,-0.668694675,0.999916718,1
0.002687894,11.99926397,0.996727749,1833.017993,0.492347844,291.1728298,7320.072707,7.938620537,9.957035532,0.001046216,2.601509365,-0.568210783,0.999790522,1
0.001396439,4.874763476,0.998590146,1729.029676,0.474627197,282.2795439,6911.24394,8.126845651,10.17626072,0.001117748,2.323266838,-0.572787378,0.999846526,1
0.003400241,1.194012664,0.99948585,1161.244428,0.67891748,332.1791329,4643.783698,7.841071158,8.924765869,0.00163279,1.545305387,-0.698291385,0.999962414,1
0.001515637,12.00600524,0.994255554,1045.382612,0.361196011,294.7795262,4169.524441,7.6143408,10.23870395,0.000688872,2.821270182,-0.455281197,0.998712464,1
0.001339773,13.02417599,0.998597232,4642.737497,0.396242022,270.3004398,18557.92581,8.375089946,10.87499836,0.000697478,2.904969097,-0.528115335,0.999780881,1
0.00150435,6.618749726,0.998372262,2033.396116,0.430431058,238.223276,8126.965714,8.010985111,10.25322242,0.000912998,2.528552336,-0.5384986,0.999712289,1
0.001108935,10.22583955,0.997804991,2330.350534,0.419902076,332.3571145,9311.176297,8.280780676,10.71024063,0.000793615,2.677057811,-0.529840551,0.999755307,1
0.001091046,10.12958427,0.997911361,2425.884712,0.42081262,329.5229307,9693.409266,8.304499667,10.72568761,0.000798042,2.668694009,-0.53250572,0.99977047,1
0.001871698,12.90122025,0.993057457,930.1933911,0.436790782,305.2222901,3707.872344,7.716625029,10.05206822,0.000949141,2.668348815,-0.505091238,0.999379936,1
0.000754979,34.0668085,0.993235889,2518.977869,0.398370028,257.245673,10041.84467,8.492979232,11.14194687,0.000721902,2.948053745,-0.515051951,0.99975816,1
0.000804531,22.15749377,0.994608841,2055.287879,0.362210107,268.9337484,8198.994022,8.270022331,11.04535895,0.000646675,2.991635112,-0.481645349,0.999488069,1
0.002024165,12.64863225,0.996130299,1634.507848,0.483103719,255.346091,6525.38276,7.893442289,10.04126679,0.001025303,2.593051473,-0.545361584,0.999700513,1
0.000308474,62.33813653,0.988833749,2791.874877,0.218154951,274.7832128,11105.16137,8.57892986,12.27379999,0.000349714,3.88603611,-0.382329526,0.998399033,1
0.002774435,4.178304316,0.998603733,1496.665466,0.557835582,329.7122113,5982.48356,7.942055295,9.674284989,0.001161816,2.163632045,-0.607585901,0.999880057,1
0.001687143,6.180892095,0.998165224,1684.947762,0.50547314,318.8783125,6733.610156,8.098880147,10.07993988,0.001139207,2.339899102,-0.581277548,0.999856724,1
0.000527402,71.78067359,0.974918463,1431.343289,0.279473879,240.922753,5653.592481,8.153407337,11.58635383,0.000402122,3.802156974,-0.385132065,0.997846564,1
